{
  "total_score": 74.12237030396109,
  "grade": "中等 (C)",
  "knowledge": {
    "accuracy": 0.86,
    "correct": 86,
    "total": 100,
    "by_type": {
      "profession": {
        "accuracy": 0.9333333333333333,
        "correct": 28,
        "total": 30
      },
      "rarity": {
        "accuracy": 0.9,
        "correct": 18,
        "total": 20
      },
      "faction": {
        "accuracy": 0.8666666666666667,
        "correct": 13,
        "total": 15
      },
      "skills": {
        "accuracy": 0.8,
        "correct": 16,
        "total": 20
      },
      "stats": {
        "accuracy": 0.7333333333333333,
        "correct": 11,
        "total": 15
      }
    }
  },
  "roleplay": {
    "avg_similarity": 0.4122281454917772,
    "total": 50,
    "by_operator": {
      "钼铅": 0.6990291262135923,
      "琳琅诗怀雅": 0.08888888888888889,
      "棘刺": 0.06818181818181818,
      "望": 0.5454545454545454,
      "信仰搅拌机": 0.5,
      "诗怀雅": 0.0,
      "褐果": 0.4,
      "晓歌": 0.5925925925925926,
      "克洛丝": 0.6060606060606061,
      "因陀罗": 0.10526315789473684,
      "祐天寺若麦": 0.16666666666666666,
      "百炼嘉维尔": 0.5454545454545454,
      "黑角": 0.5555555555555556,
      "濯尘芙蓉": 0.6515151515151515,
      "安德切尔": 0.26666666666666666,
      "折光": 0.18181818181818182,
      "卡缇": 0.46153846153846156,
      "录武官": 0.13793103448275862,
      "极光": 0.23255813953488372,
      "薄绿": 0.4,
      "寒檀": 0.08333333333333333,
      "黍": 0.5882352941176471,
      "讯使": 0.2,
      "乌尔比安": 0.6486486486486487,
      "清道夫": 0.4444444444444444,
      "露托": 0.6111111111111112,
      "维娜·维多利亚": 0.7010309278350515,
      "娜仁图亚": 0.08163265306122448,
      "电弧": 0.16666666666666666,
      "火哨": 0.05263157894736842,
      "蒂比": 0.6917293233082706,
      "华法琳": 0.4,
      "夜刀": 0.24,
      "狮蝎": 0.11764705882352941,
      "深靛": 0.7272727272727273,
      "霍尔海雅": 0.6518518518518519,
      "夜魔": 0.7008547008547008,
      "死芒": 0.2,
      "玫拉": 0.2,
      "司霆惊蛰": 0.5555555555555556,
      "龙舌兰": 0.6949152542372882,
      "历阵锐枪芬": 0.5925925925925926,
      "地灵": 0.6470588235294118,
      "熔泉": 0.0759493670886076,
      "绮良": 0.6929133858267716,
      "苍苔": 0.7096774193548387,
      "伊芙利特": 0.6153846153846154,
      "摆渡人": 0.043478260869565216,
      "赤刃明霄陈": 0.6466165413533834,
      "杜林": 0.625
    }
  },
  "hallucination": {
    "reject_rate": 0.8333333333333334,
    "hallucination_rate": 0.16666666666666663,
    "rejected": 25,
    "total": 30
  },
  "fluency_score": 85
}